Description,,Summary Amt.
Beginning balance as of 02/01/2026,,"3,410.22"
Total credits,,"2,875.00"
Total debits,,"-1,386.47"
Ending balance as of 02/28/2026,,"4,898.75"

Date,Description,Amount,Running Bal.
02/01/2026,Beginning balance as of 02/01/2026,,"3,410.22"
02/02/2026,"MAPLE STREET GROCERS DES:PURCHASE ID:XXXXX1234",-86.14,"3,324.08"
02/05/2026,"NORTHWIND PAYROLL DES:DIR DEP ID:XXXXX5566 INDN:DOE JANE CO ID:XXXXX7788 PPD","2,500.00","5,824.08"
02/09/2026,"CITY WATER UTILITY DES:BILL PAY ID:XXXXX2468",-64.33,"5,759.75"
02/14/2026,"TRANSFER JANE DOE:SAVINGS Confirmation# XXXXX4411",-1000.00,"4,759.75"
02/20/2026,"Zelle payment from JOHN ROE Conf# XXXXX8890",375.00,"5,134.75"
02/24/2026,"BRIGHT DENTAL CARE DES:PAYMENT ID:XXXXX1357",-224.00,"4,910.75"
02/26/2026,"OVERDRAFT PROTECTION FEE",-12.00,"4,898.75"
