Beginning balance,,,,1250.47
Date,Description,Debit,Credit,Amount
01/03/2026,AMZ*234KL PRIME MEMBERSHIP,($14.99),,
2026-01-03,SQ *COFFEE SHOP DOWNTOWN,,12.50,
01/04/2026,PAYPAL *ACME TOOLS,($89.00),,
01/05/2026,DIRECT DEP ACME CORP PAYROLL,,2450.00,
1/6/26,UBER *TRIP HELP.UBER.COM,($18.40),,
01/07/2026,STRIPE TRANSFER WISE USD,,320.00,
01/08/2026,CHECKCARD WALMART SUPERCENTER,($67.23),,
01/08/2026,RETURN WALMART SUPERCENTER,,22.15,
01/09/2026,ATM WITHDRAWAL 001234,($100.00),,
01/10/2026,INTEREST PAYMENT,,0.42,
Ending balance,,,,3767.92
