Account Statement - (@Northwind-Studio) ,,,,,,,,,,,,,,,,,,,,,
Account Activity,,,,,,,,,,,,,,,,,,,,,
,ID,Datetime,Type,Status,Note,From,To,Amount (total),Amount (tip),Amount (tax),Amount (fee),Tax Rate,Tax Exempt,Funding Source,Destination,Beginning Balance,Ending Balance,Statement Period Venmo Fees,Terminal Location,Year to Date Venmo Fees,Disclaimer
,,,,,,,,,,,,,,,,"$1,250.00",,,,,
,4100000000000000001,2026-03-02T15:04:11,Payment,Complete,Logo design deposit,Contoso Bakery,Northwind Studio,+ $300.00,,0,,0,,,Venmo balance,,,,Venmo,,
,4100000000000000002,2026-03-05T09:30:00,Payment,Complete,Printer paper,Northwind Studio,Fabrikam Supply,- $42.50,,0,,0,,Venmo balance,,,,,Venmo,,
,4100000000000000003,2026-03-09T18:22:47,Charge,Complete,Poster print run,Northwind Studio,Adatum Events,+ $120.00,,0,,0,,,Venmo balance,,,,Venmo,,
,412000001,2026-03-12T11:00:00,Standard Transfer,Issued,,,,- $500.00,,,,,,,Contoso Checking *1234,,,,,,
,4100000000000000004,2026-03-20T14:45:10,Payment,Complete,Coffee for client meeting,Northwind Studio,Tailspin Cafe,- $14.75,,0,,0,,Venmo balance,,,,,Venmo,,
,4100000000000000005,2026-03-27T10:10:10,Payment,Complete,Invoice 1042,Wingtip Toys,Northwind Studio,+ $650.00,,0,,0,,,Venmo balance,,,,Venmo,,
,,,,,,,,,,,,,,,,,"$1,762.75",$0.00,,$0.00,"In case of errors or questions about your electronic transfers, contact Venmo using the details on venmo.com. (Sample statement: names and numbers are fictional.)"
